id,label,weight,n_classes,n_labels,length,allow_unlabeled,sparse,return_indicator,return_distributions,random_state
1,3,100,10,0,0, False, True, 'dense', True, 'int'
2,3,100,10,0,0, False, True, 'dense', True, 'int'
3,3,100,10,0,0, False, True, 'dense', True, 'int'
4,3,100,10,0,0, False, True, 'dense', True, 'int'
5,3,100,10,0,0, False, True, 'dense', True, 'int'
6,3,100,10,0,0, False, True, 'dense', True, 'int'
7,3,100,10,0,0, False, True, 'dense', True, 'int'
8,3,100,10,0,0, False, True, 'dense', True, 'int'
9,3,100,10,0,0, False, True, 'dense', True, 'int'
10,3,100,10,0,0, False, True, 'dense', True, 'int'
11,3,100,10,0,0, False, True, 'dense', True, 'int'
12,3,100,10,0,0, False, True, 'dense', True, 'int'
13,3,100,10,0,0, False, True, 'dense', True, 'int'
14,3,100,10,0,0, False, True, 'dense', True, 'int'
15,3,100,10,0,0, False, True, 'dense', True, 'int'
16,3,100,10,0,0, False, True, 'dense', True, 'int'
17,3,100,10,0,0, False, True, 'dense', True, 'int'
18,3,100,10,0,0, False, True, 'dense', True, 'int'
19,3,100,10,0,0, False, True, 'dense', True, 'int'
20,7,100,5,2,40, False, True, 'dense', False, 'None'
21,7,100,5,2,40, False, True, 'dense', False, 'None'
22,7,100,5,2,40, False, True, 'dense', False, 'None'
23,7,100,5,2,40, False, True, 'dense', False, 'None'
24,7,100,5,2,40, False, True, 'dense', False, 'None'
25,7,100,5,2,40, False, True, 'dense', False, 'None'
26,7,100,5,2,40, False, True, 'dense', False, 'None'
27,7,100,5,2,40, False, True, 'dense', False, 'None'
28,7,100,5,2,40, False, True, 'dense', False, 'None'
29,7,100,5,2,40, False, True, 'dense', False, 'None'
30,7,100,5,2,40, False, True, 'dense', False, 'None'
31,7,100,5,2,40, False, True, 'dense', False, 'None'
32,7,100,5,2,40, False, True, 'dense', False, 'None'
33,7,100,5,2,40, False, True, 'dense', False, 'None'
34,7,100,5,2,40, False, True, 'dense', False, 'None'
35,7,100,5,2,40, False, True, 'dense', False, 'None'
36,7,100,5,2,40, False, True, 'dense', False, 'None'
37,7,100,5,2,40, False, True, 'dense', False, 'None'
38,7,100,5,2,40, False, True, 'dense', False, 'None'
39,2,100,0,5,52, True, True, 'False', False, 'int'
40,2,100,0,5,52, True, True, 'False', False, 'int'
41,2,100,0,5,52, True, True, 'False', False, 'int'
42,2,100,0,5,52, True, True, 'False', False, 'int'
43,2,100,0,5,52, True, True, 'False', False, 'int'
44,2,100,0,5,52, True, True, 'False', False, 'int'
45,2,100,0,5,52, True, True, 'False', False, 'int'
46,2,100,0,5,52, True, True, 'False', False, 'int'
47,2,100,0,5,52, True, True, 'False', False, 'int'
48,2,100,0,5,52, True, True, 'False', False, 'int'
49,2,100,0,5,52, True, True, 'False', False, 'int'
50,2,100,0,5,52, True, True, 'False', False, 'int'
51,2,100,0,5,52, True, True, 'False', False, 'int'
52,2,100,0,5,52, True, True, 'False', False, 'int'
53,2,100,0,5,52, True, True, 'False', False, 'int'
54,2,100,0,5,52, True, True, 'False', False, 'int'
55,2,100,0,5,52, True, True, 'False', False, 'int'
56,2,100,0,5,52, True, True, 'False', False, 'int'
57,2,100,0,5,52, True, True, 'False', False, 'int'
58,3,100,5,5,0, False, True, 'dense', True, 'int'
59,3,100,5,5,0, False, True, 'dense', True, 'int'
60,3,100,5,5,0, False, True, 'dense', True, 'int'
61,3,100,5,5,0, False, True, 'dense', True, 'int'
62,3,100,5,5,0, False, True, 'dense', True, 'int'
63,3,100,5,5,0, False, True, 'dense', True, 'int'
64,3,100,5,5,0, False, True, 'dense', True, 'int'
65,3,100,5,5,0, False, True, 'dense', True, 'int'
66,3,100,5,5,0, False, True, 'dense', True, 'int'
67,3,100,5,5,0, False, True, 'dense', True, 'int'
68,3,100,5,5,0, False, True, 'dense', True, 'int'
69,3,100,5,5,0, False, True, 'dense', True, 'int'
70,3,100,5,5,0, False, True, 'dense', True, 'int'
71,3,100,5,5,0, False, True, 'dense', True, 'int'
72,3,100,5,5,0, False, True, 'dense', True, 'int'
73,3,100,5,5,0, False, True, 'dense', True, 'int'
74,3,100,5,5,0, False, True, 'dense', True, 'int'
75,3,100,5,5,0, False, True, 'dense', True, 'int'
76,3,100,5,5,0, False, True, 'dense', True, 'int'
77,3,100,2,0,0, True, True, 'dense', True, 'None'
78,3,100,2,0,0, True, True, 'dense', True, 'None'
79,3,100,2,0,0, True, True, 'dense', True, 'None'
80,3,100,2,0,0, True, True, 'dense', True, 'None'
81,3,100,2,0,0, True, True, 'dense', True, 'None'
82,3,100,2,0,0, True, True, 'dense', True, 'None'
83,3,100,2,0,0, True, True, 'dense', True, 'None'
84,3,100,2,0,0, True, True, 'dense', True, 'None'
85,3,100,2,0,0, True, True, 'dense', True, 'None'
86,3,100,2,0,0, True, True, 'dense', True, 'None'
87,3,100,2,0,0, True, True, 'dense', True, 'None'
88,3,100,2,0,0, True, True, 'dense', True, 'None'
89,3,100,2,0,0, True, True, 'dense', True, 'None'
90,3,100,2,0,0, True, True, 'dense', True, 'None'
91,3,100,2,0,0, True, True, 'dense', True, 'None'
92,3,100,2,0,0, True, True, 'dense', True, 'None'
93,3,100,2,0,0, True, True, 'dense', True, 'None'
94,3,100,2,0,0, True, True, 'dense', True, 'None'
95,3,100,2,0,0, True, True, 'dense', True, 'None'
96,3,100,0,10,0, False, False, 'dense', True, 'None'
97,3,100,0,10,0, False, False, 'dense', True, 'None'
98,3,100,0,10,0, False, False, 'dense', True, 'None'
99,3,100,0,10,0, False, False, 'dense', True, 'None'
100,3,100,0,10,0, False, False, 'dense', True, 'None'
101,3,100,0,10,0, False, False, 'dense', True, 'None'
102,3,100,0,10,0, False, False, 'dense', True, 'None'
103,3,100,0,10,0, False, False, 'dense', True, 'None'
104,3,100,0,10,0, False, False, 'dense', True, 'None'
105,3,100,0,10,0, False, False, 'dense', True, 'None'
106,3,100,0,10,0, False, False, 'dense', True, 'None'
107,3,100,0,10,0, False, False, 'dense', True, 'None'
108,3,100,0,10,0, False, False, 'dense', True, 'None'
109,3,100,0,10,0, False, False, 'dense', True, 'None'
110,3,100,0,10,0, False, False, 'dense', True, 'None'
111,3,100,0,10,0, False, False, 'dense', True, 'None'
112,3,100,0,10,0, False, False, 'dense', True, 'None'
113,3,100,0,10,0, False, False, 'dense', True, 'None'
114,3,100,0,10,0, False, False, 'dense', True, 'None'
115,4,100,10,2,2, True, False, 'dense', False, 'int'
116,4,100,10,2,2, True, False, 'dense', False, 'int'
117,4,100,10,2,2, True, False, 'dense', False, 'int'
118,4,100,10,2,2, True, False, 'dense', False, 'int'
119,4,100,10,2,2, True, False, 'dense', False, 'int'
120,4,100,10,2,2, True, False, 'dense', False, 'int'
121,4,100,10,2,2, True, False, 'dense', False, 'int'
122,4,100,10,2,2, True, False, 'dense', False, 'int'
123,4,100,10,2,2, True, False, 'dense', False, 'int'
124,4,100,10,2,2, True, False, 'dense', False, 'int'
125,4,100,10,2,2, True, False, 'dense', False, 'int'
126,4,100,10,2,2, True, False, 'dense', False, 'int'
127,4,100,10,2,2, True, False, 'dense', False, 'int'
128,4,100,10,2,2, True, False, 'dense', False, 'int'
129,4,100,10,2,2, True, False, 'dense', False, 'int'
130,4,100,10,2,2, True, False, 'dense', False, 'int'
131,4,100,10,2,2, True, False, 'dense', False, 'int'
132,4,100,10,2,2, True, False, 'dense', False, 'int'
133,4,100,10,2,2, True, False, 'dense', False, 'int'
134,3,100,10,0,0, False, True, 'dense', True, 'int'
135,3,100,10,0,0, False, True, 'dense', True, 'int'
136,3,100,10,0,0, False, True, 'dense', True, 'int'
137,3,100,10,0,0, False, True, 'dense', True, 'int'
138,3,100,10,0,0, False, True, 'dense', True, 'int'
139,3,100,10,0,0, False, True, 'dense', True, 'int'
140,3,100,10,0,0, False, True, 'dense', True, 'int'
141,3,100,10,0,0, False, True, 'dense', True, 'int'
142,3,100,10,0,0, False, True, 'dense', True, 'int'
143,3,100,10,0,0, False, True, 'dense', True, 'int'
144,3,100,10,0,0, False, True, 'dense', True, 'int'
145,3,100,10,0,0, False, True, 'dense', True, 'int'
146,3,100,10,0,0, False, True, 'dense', True, 'int'
147,3,100,10,0,0, False, True, 'dense', True, 'int'
148,3,100,10,0,0, False, True, 'dense', True, 'int'
149,3,100,10,0,0, False, True, 'dense', True, 'int'
150,3,100,10,0,0, False, True, 'dense', True, 'int'
151,3,100,10,0,0, False, True, 'dense', True, 'int'
152,3,100,10,0,0, False, True, 'dense', True, 'int'
153,6,100,5,2,50, True, True, 'dense', True, 'int'
154,6,100,5,2,50, True, True, 'dense', True, 'int'
155,6,100,5,2,50, True, True, 'dense', True, 'int'
156,6,100,5,2,50, True, True, 'dense', True, 'int'
157,6,100,5,2,50, True, True, 'dense', True, 'int'
158,6,100,5,2,50, True, True, 'dense', True, 'int'
159,6,100,5,2,50, True, True, 'dense', True, 'int'
160,6,100,5,2,50, True, True, 'dense', True, 'int'
161,6,100,5,2,50, True, True, 'dense', True, 'int'
162,6,100,5,2,50, True, True, 'dense', True, 'int'
163,6,100,5,2,50, True, True, 'dense', True, 'int'
164,6,100,5,2,50, True, True, 'dense', True, 'int'
165,6,100,5,2,50, True, True, 'dense', True, 'int'
166,6,100,5,2,50, True, True, 'dense', True, 'int'
167,6,100,5,2,50, True, True, 'dense', True, 'int'
168,6,100,5,2,50, True, True, 'dense', True, 'int'
169,6,100,5,2,50, True, True, 'dense', True, 'int'
170,6,100,5,2,50, True, True, 'dense', True, 'int'
171,6,100,5,2,50, True, True, 'dense', True, 'int'
172,3,100,1,10,0, True, True, 'dense', False, 'None'
173,3,100,1,10,0, True, True, 'dense', False, 'None'
174,3,100,1,10,0, True, True, 'dense', False, 'None'
175,3,100,1,10,0, True, True, 'dense', False, 'None'
176,3,100,1,10,0, True, True, 'dense', False, 'None'
177,3,100,1,10,0, True, True, 'dense', False, 'None'
178,3,100,1,10,0, True, True, 'dense', False, 'None'
179,3,100,1,10,0, True, True, 'dense', False, 'None'
180,3,100,1,10,0, True, True, 'dense', False, 'None'
181,3,100,1,10,0, True, True, 'dense', False, 'None'
182,3,100,1,10,0, True, True, 'dense', False, 'None'
183,3,100,1,10,0, True, True, 'dense', False, 'None'
184,3,100,1,10,0, True, True, 'dense', False, 'None'
185,3,100,1,10,0, True, True, 'dense', False, 'None'
186,3,100,1,10,0, True, True, 'dense', False, 'None'
187,3,100,1,10,0, True, True, 'dense', False, 'None'
188,3,100,1,10,0, True, True, 'dense', False, 'None'
189,3,100,1,10,0, True, True, 'dense', False, 'None'
190,3,100,1,10,0, True, True, 'dense', False, 'None'
191,3,100,0,2,0, False, False, 'dense', True, 'None'
192,3,100,0,2,0, False, False, 'dense', True, 'None'
193,3,100,0,2,0, False, False, 'dense', True, 'None'
194,3,100,0,2,0, False, False, 'dense', True, 'None'
195,3,100,0,2,0, False, False, 'dense', True, 'None'
196,3,100,0,2,0, False, False, 'dense', True, 'None'
197,3,100,0,2,0, False, False, 'dense', True, 'None'
198,3,100,0,2,0, False, False, 'dense', True, 'None'
199,3,100,0,2,0, False, False, 'dense', True, 'None'
200,3,100,0,2,0, False, False, 'dense', True, 'None'
201,3,100,0,2,0, False, False, 'dense', True, 'None'
202,3,100,0,2,0, False, False, 'dense', True, 'None'
203,3,100,0,2,0, False, False, 'dense', True, 'None'
204,3,100,0,2,0, False, False, 'dense', True, 'None'
205,3,100,0,2,0, False, False, 'dense', True, 'None'
206,3,100,0,2,0, False, False, 'dense', True, 'None'
207,3,100,0,2,0, False, False, 'dense', True, 'None'
208,3,100,0,2,0, False, False, 'dense', True, 'None'
209,3,100,0,2,0, False, False, 'dense', True, 'None'
210,6,100,5,5,50, False, False, 'sparse', True, 'int'
211,6,100,5,5,50, False, False, 'sparse', True, 'int'
212,6,100,5,5,50, False, False, 'sparse', True, 'int'
213,6,100,5,5,50, False, False, 'sparse', True, 'int'
214,6,100,5,5,50, False, False, 'sparse', True, 'int'
215,6,100,5,5,50, False, False, 'sparse', True, 'int'
216,6,100,5,5,50, False, False, 'sparse', True, 'int'
217,6,100,5,5,50, False, False, 'sparse', True, 'int'
218,6,100,5,5,50, False, False, 'sparse', True, 'int'
219,6,100,5,5,50, False, False, 'sparse', True, 'int'
220,6,100,5,5,50, False, False, 'sparse', True, 'int'
221,6,100,5,5,50, False, False, 'sparse', True, 'int'
222,6,100,5,5,50, False, False, 'sparse', True, 'int'
223,6,100,5,5,50, False, False, 'sparse', True, 'int'
224,6,100,5,5,50, False, False, 'sparse', True, 'int'
225,6,100,5,5,50, False, False, 'sparse', True, 'int'
226,6,100,5,5,50, False, False, 'sparse', True, 'int'
227,6,100,5,5,50, False, False, 'sparse', True, 'int'
228,6,100,5,5,50, False, False, 'sparse', True, 'int'
229,6,100,10,2,50, False, True, 'False', True, 'int'
230,6,100,10,2,50, False, True, 'False', True, 'int'
231,6,100,10,2,50, False, True, 'False', True, 'int'
232,6,100,10,2,50, False, True, 'False', True, 'int'
233,6,100,10,2,50, False, True, 'False', True, 'int'
234,6,100,10,2,50, False, True, 'False', True, 'int'
235,6,100,10,2,50, False, True, 'False', True, 'int'
236,6,100,10,2,50, False, True, 'False', True, 'int'
237,6,100,10,2,50, False, True, 'False', True, 'int'
238,6,100,10,2,50, False, True, 'False', True, 'int'
239,6,100,10,2,50, False, True, 'False', True, 'int'
240,6,100,10,2,50, False, True, 'False', True, 'int'
241,6,100,10,2,50, False, True, 'False', True, 'int'
242,6,100,10,2,50, False, True, 'False', True, 'int'
243,6,100,10,2,50, False, True, 'False', True, 'int'
244,6,100,10,2,50, False, True, 'False', True, 'int'
245,6,100,10,2,50, False, True, 'False', True, 'int'
246,6,100,10,2,50, False, True, 'False', True, 'int'
247,6,100,10,2,50, False, True, 'False', True, 'int'
248,6,100,0,5,50, True, False, 'sparse', True, 'None'
249,6,100,0,5,50, True, False, 'sparse', True, 'None'
250,6,100,0,5,50, True, False, 'sparse', True, 'None'
251,6,100,0,5,50, True, False, 'sparse', True, 'None'
252,6,100,0,5,50, True, False, 'sparse', True, 'None'
253,6,100,0,5,50, True, False, 'sparse', True, 'None'
254,6,100,0,5,50, True, False, 'sparse', True, 'None'
255,6,100,0,5,50, True, False, 'sparse', True, 'None'
256,6,100,0,5,50, True, False, 'sparse', True, 'None'
257,6,100,0,5,50, True, False, 'sparse', True, 'None'
258,6,100,0,5,50, True, False, 'sparse', True, 'None'
259,6,100,0,5,50, True, False, 'sparse', True, 'None'
260,6,100,0,5,50, True, False, 'sparse', True, 'None'
261,6,100,0,5,50, True, False, 'sparse', True, 'None'
262,6,100,0,5,50, True, False, 'sparse', True, 'None'
263,6,100,0,5,50, True, False, 'sparse', True, 'None'
264,6,100,0,5,50, True, False, 'sparse', True, 'None'
265,6,100,0,5,50, True, False, 'sparse', True, 'None'
266,6,100,0,5,50, True, False, 'sparse', True, 'None'
267,4,100,2,0,50, True, True, 'False', False, 'None'
268,4,100,2,0,50, True, True, 'False', False, 'None'
269,4,100,2,0,50, True, True, 'False', False, 'None'
270,4,100,2,0,50, True, True, 'False', False, 'None'
271,4,100,2,0,50, True, True, 'False', False, 'None'
272,4,100,2,0,50, True, True, 'False', False, 'None'
273,4,100,2,0,50, True, True, 'False', False, 'None'
274,4,100,2,0,50, True, True, 'False', False, 'None'
275,4,100,2,0,50, True, True, 'False', False, 'None'
276,4,100,2,0,50, True, True, 'False', False, 'None'
277,4,100,2,0,50, True, True, 'False', False, 'None'
278,4,100,2,0,50, True, True, 'False', False, 'None'
279,4,100,2,0,50, True, True, 'False', False, 'None'
280,4,100,2,0,50, True, True, 'False', False, 'None'
281,4,100,2,0,50, True, True, 'False', False, 'None'
282,4,100,2,0,50, True, True, 'False', False, 'None'
283,4,100,2,0,50, True, True, 'False', False, 'None'
284,4,100,2,0,50, True, True, 'False', False, 'None'
285,4,100,2,0,50, True, True, 'False', False, 'None'
286,5,100,5,2,50, True, True, 'dense', False, 'int'
287,5,100,5,2,50, True, True, 'dense', False, 'int'
288,5,100,5,2,50, True, True, 'dense', False, 'int'
289,5,100,5,2,50, True, True, 'dense', False, 'int'
290,5,100,5,2,50, True, True, 'dense', False, 'int'
291,5,100,5,2,50, True, True, 'dense', False, 'int'
292,5,100,5,2,50, True, True, 'dense', False, 'int'
293,5,100,5,2,50, True, True, 'dense', False, 'int'
294,5,100,5,2,50, True, True, 'dense', False, 'int'
295,5,100,5,2,50, True, True, 'dense', False, 'int'
296,5,100,5,2,50, True, True, 'dense', False, 'int'
297,5,100,5,2,50, True, True, 'dense', False, 'int'
298,5,100,5,2,50, True, True, 'dense', False, 'int'
299,5,100,5,2,50, True, True, 'dense', False, 'int'
300,5,100,5,2,50, True, True, 'dense', False, 'int'
301,5,100,5,2,50, True, True, 'dense', False, 'int'
302,5,100,5,2,50, True, True, 'dense', False, 'int'
303,5,100,5,2,50, True, True, 'dense', False, 'int'
304,5,100,5,2,50, True, True, 'dense', False, 'int'
305,2,100,0,5,50, True, True, 'False', False, 'None'
306,2,100,0,5,50, True, True, 'False', False, 'None'
307,2,100,0,5,50, True, True, 'False', False, 'None'
308,2,100,0,5,50, True, True, 'False', False, 'None'
309,2,100,0,5,50, True, True, 'False', False, 'None'
310,2,100,0,5,50, True, True, 'False', False, 'None'
311,2,100,0,5,50, True, True, 'False', False, 'None'
312,2,100,0,5,50, True, True, 'False', False, 'None'
313,2,100,0,5,50, True, True, 'False', False, 'None'
314,2,100,0,5,50, True, True, 'False', False, 'None'
315,2,100,0,5,50, True, True, 'False', False, 'None'
316,2,100,0,5,50, True, True, 'False', False, 'None'
317,2,100,0,5,50, True, True, 'False', False, 'None'
318,2,100,0,5,50, True, True, 'False', False, 'None'
319,2,100,0,5,50, True, True, 'False', False, 'None'
320,2,100,0,5,50, True, True, 'False', False, 'None'
321,2,100,0,5,50, True, True, 'False', False, 'None'
322,2,100,0,5,50, True, True, 'False', False, 'None'
323,2,100,0,5,50, True, True, 'False', False, 'None'
324,7,100,5,5,50, False, True, 'dense', False, 'None'
325,7,100,5,5,50, False, True, 'dense', False, 'None'
326,7,100,5,5,50, False, True, 'dense', False, 'None'
327,7,100,5,5,50, False, True, 'dense', False, 'None'
328,7,100,5,5,50, False, True, 'dense', False, 'None'
329,7,100,5,5,50, False, True, 'dense', False, 'None'
330,7,100,5,5,50, False, True, 'dense', False, 'None'
331,7,100,5,5,50, False, True, 'dense', False, 'None'
332,7,100,5,5,50, False, True, 'dense', False, 'None'
333,7,100,5,5,50, False, True, 'dense', False, 'None'
334,7,100,5,5,50, False, True, 'dense', False, 'None'
335,7,100,5,5,50, False, True, 'dense', False, 'None'
336,7,100,5,5,50, False, True, 'dense', False, 'None'
337,7,100,5,5,50, False, True, 'dense', False, 'None'
338,7,100,5,5,50, False, True, 'dense', False, 'None'
339,7,100,5,5,50, False, True, 'dense', False, 'None'
340,7,100,5,5,50, False, True, 'dense', False, 'None'
341,7,100,5,5,50, False, True, 'dense', False, 'None'
342,7,100,5,5,50, False, True, 'dense', False, 'None'
343,5,100,5,2,50, True, True, 'dense', False, 'None'
344,5,100,5,2,50, True, True, 'dense', False, 'None'
345,5,100,5,2,50, True, True, 'dense', False, 'None'
346,5,100,5,2,50, True, True, 'dense', False, 'None'
347,5,100,5,2,50, True, True, 'dense', False, 'None'
348,5,100,5,2,50, True, True, 'dense', False, 'None'
349,5,100,5,2,50, True, True, 'dense', False, 'None'
350,5,100,5,2,50, True, True, 'dense', False, 'None'
351,5,100,5,2,50, True, True, 'dense', False, 'None'
352,5,100,5,2,50, True, True, 'dense', False, 'None'
353,5,100,5,2,50, True, True, 'dense', False, 'None'
354,5,100,5,2,50, True, True, 'dense', False, 'None'
355,5,100,5,2,50, True, True, 'dense', False, 'None'
356,5,100,5,2,50, True, True, 'dense', False, 'None'
357,5,100,5,2,50, True, True, 'dense', False, 'None'
358,5,100,5,2,50, True, True, 'dense', False, 'None'
359,5,100,5,2,50, True, True, 'dense', False, 'None'
360,5,100,5,2,50, True, True, 'dense', False, 'None'
361,5,100,5,2,50, True, True, 'dense', False, 'None'
362,2,100,0,5,50, True, True, 'False', False, 'int'
363,2,100,0,5,50, True, True, 'False', False, 'int'
364,2,100,0,5,50, True, True, 'False', False, 'int'
365,2,100,0,5,50, True, True, 'False', False, 'int'
366,2,100,0,5,50, True, True, 'False', False, 'int'
367,2,100,0,5,50, True, True, 'False', False, 'int'
368,2,100,0,5,50, True, True, 'False', False, 'int'
369,2,100,0,5,50, True, True, 'False', False, 'int'
370,2,100,0,5,50, True, True, 'False', False, 'int'
371,2,100,0,5,50, True, True, 'False', False, 'int'
372,2,100,0,5,50, True, True, 'False', False, 'int'
373,2,100,0,5,50, True, True, 'False', False, 'int'
374,2,100,0,5,50, True, True, 'False', False, 'int'
375,2,100,0,5,50, True, True, 'False', False, 'int'
376,2,100,0,5,50, True, True, 'False', False, 'int'
377,2,100,0,5,50, True, True, 'False', False, 'int'
378,2,100,0,5,50, True, True, 'False', False, 'int'
379,2,100,0,5,50, True, True, 'False', False, 'int'
380,2,100,0,5,50, True, True, 'False', False, 'int'
381,3,100,5,2,0, True, True, 'dense', True, 'None'
382,3,100,5,2,0, True, True, 'dense', True, 'None'
383,3,100,5,2,0, True, True, 'dense', True, 'None'
384,3,100,5,2,0, True, True, 'dense', True, 'None'
385,3,100,5,2,0, True, True, 'dense', True, 'None'
386,3,100,5,2,0, True, True, 'dense', True, 'None'
387,3,100,5,2,0, True, True, 'dense', True, 'None'
388,3,100,5,2,0, True, True, 'dense', True, 'None'
389,3,100,5,2,0, True, True, 'dense', True, 'None'
390,3,100,5,2,0, True, True, 'dense', True, 'None'
391,3,100,5,2,0, True, True, 'dense', True, 'None'
392,3,100,5,2,0, True, True, 'dense', True, 'None'
393,3,100,5,2,0, True, True, 'dense', True, 'None'
394,3,100,5,2,0, True, True, 'dense', True, 'None'
395,3,100,5,2,0, True, True, 'dense', True, 'None'
396,3,100,5,2,0, True, True, 'dense', True, 'None'
397,3,100,5,2,0, True, True, 'dense', True, 'None'
398,3,100,5,2,0, True, True, 'dense', True, 'None'
399,3,100,5,2,0, True, True, 'dense', True, 'None'
400,1,100,5,5,52, True, False, 'dense', False, 'int'
401,1,100,5,5,52, True, False, 'dense', False, 'int'
402,1,100,5,5,52, True, False, 'dense', False, 'int'
403,1,100,5,5,52, True, False, 'dense', False, 'int'
404,1,100,5,5,52, True, False, 'dense', False, 'int'
405,1,100,5,5,52, True, False, 'dense', False, 'int'
406,1,100,5,5,52, True, False, 'dense', False, 'int'
407,1,100,5,5,52, True, False, 'dense', False, 'int'
408,1,100,5,5,52, True, False, 'dense', False, 'int'
409,1,100,5,5,52, True, False, 'dense', False, 'int'
410,1,100,5,5,52, True, False, 'dense', False, 'int'
411,1,100,5,5,52, True, False, 'dense', False, 'int'
412,1,100,5,5,52, True, False, 'dense', False, 'int'
413,1,100,5,5,52, True, False, 'dense', False, 'int'
414,1,100,5,5,52, True, False, 'dense', False, 'int'
415,1,100,5,5,52, True, False, 'dense', False, 'int'
416,1,100,5,5,52, True, False, 'dense', False, 'int'
417,1,100,5,5,52, True, False, 'dense', False, 'int'
418,1,100,5,5,52, True, False, 'dense', False, 'int'
419,3,100,0,0,0, True, True, 'False', True, 'None'
420,3,100,0,0,0, True, True, 'False', True, 'None'
421,3,100,0,0,0, True, True, 'False', True, 'None'
422,3,100,0,0,0, True, True, 'False', True, 'None'
423,3,100,0,0,0, True, True, 'False', True, 'None'
424,3,100,0,0,0, True, True, 'False', True, 'None'
425,3,100,0,0,0, True, True, 'False', True, 'None'
426,3,100,0,0,0, True, True, 'False', True, 'None'
427,3,100,0,0,0, True, True, 'False', True, 'None'
428,3,100,0,0,0, True, True, 'False', True, 'None'
429,3,100,0,0,0, True, True, 'False', True, 'None'
430,3,100,0,0,0, True, True, 'False', True, 'None'
431,3,100,0,0,0, True, True, 'False', True, 'None'
432,3,100,0,0,0, True, True, 'False', True, 'None'
433,3,100,0,0,0, True, True, 'False', True, 'None'
434,3,100,0,0,0, True, True, 'False', True, 'None'
435,3,100,0,0,0, True, True, 'False', True, 'None'
436,3,100,0,0,0, True, True, 'False', True, 'None'
437,3,100,0,0,0, True, True, 'False', True, 'None'
438,6,100,10,2,50, False, True, 'dense', True, 'int'
439,6,100,10,2,50, False, True, 'dense', True, 'int'
440,6,100,10,2,50, False, True, 'dense', True, 'int'
441,6,100,10,2,50, False, True, 'dense', True, 'int'
442,6,100,10,2,50, False, True, 'dense', True, 'int'
443,6,100,10,2,50, False, True, 'dense', True, 'int'
444,6,100,10,2,50, False, True, 'dense', True, 'int'
445,6,100,10,2,50, False, True, 'dense', True, 'int'
446,6,100,10,2,50, False, True, 'dense', True, 'int'
447,6,100,10,2,50, False, True, 'dense', True, 'int'
448,6,100,10,2,50, False, True, 'dense', True, 'int'
449,6,100,10,2,50, False, True, 'dense', True, 'int'
450,6,100,10,2,50, False, True, 'dense', True, 'int'
451,6,100,10,2,50, False, True, 'dense', True, 'int'
452,6,100,10,2,50, False, True, 'dense', True, 'int'
453,6,100,10,2,50, False, True, 'dense', True, 'int'
454,6,100,10,2,50, False, True, 'dense', True, 'int'
455,6,100,10,2,50, False, True, 'dense', True, 'int'
456,6,100,10,2,50, False, True, 'dense', True, 'int'
457,3,100,0,2,0, True, True, 'dense', True, 'None'
458,3,100,0,2,0, True, True, 'dense', True, 'None'
459,3,100,0,2,0, True, True, 'dense', True, 'None'
460,3,100,0,2,0, True, True, 'dense', True, 'None'
461,3,100,0,2,0, True, True, 'dense', True, 'None'
462,3,100,0,2,0, True, True, 'dense', True, 'None'
463,3,100,0,2,0, True, True, 'dense', True, 'None'
464,3,100,0,2,0, True, True, 'dense', True, 'None'
465,3,100,0,2,0, True, True, 'dense', True, 'None'
466,3,100,0,2,0, True, True, 'dense', True, 'None'
467,3,100,0,2,0, True, True, 'dense', True, 'None'
468,3,100,0,2,0, True, True, 'dense', True, 'None'
469,3,100,0,2,0, True, True, 'dense', True, 'None'
470,3,100,0,2,0, True, True, 'dense', True, 'None'
471,3,100,0,2,0, True, True, 'dense', True, 'None'
472,3,100,0,2,0, True, True, 'dense', True, 'None'
473,3,100,0,2,0, True, True, 'dense', True, 'None'
474,3,100,0,2,0, True, True, 'dense', True, 'None'
475,3,100,0,2,0, True, True, 'dense', True, 'None'
476,7,100,2,2,5, True, True, 'False', False, 'None'
477,7,100,2,2,5, True, True, 'False', False, 'None'
478,7,100,2,2,5, True, True, 'False', False, 'None'
479,7,100,2,2,5, True, True, 'False', False, 'None'
480,7,100,2,2,5, True, True, 'False', False, 'None'
481,7,100,2,2,5, True, True, 'False', False, 'None'
482,7,100,2,2,5, True, True, 'False', False, 'None'
483,7,100,2,2,5, True, True, 'False', False, 'None'
484,7,100,2,2,5, True, True, 'False', False, 'None'
485,7,100,2,2,5, True, True, 'False', False, 'None'
486,7,100,2,2,5, True, True, 'False', False, 'None'
487,7,100,2,2,5, True, True, 'False', False, 'None'
488,7,100,2,2,5, True, True, 'False', False, 'None'
489,7,100,2,2,5, True, True, 'False', False, 'None'
490,7,100,2,2,5, True, True, 'False', False, 'None'
491,7,100,2,2,5, True, True, 'False', False, 'None'
492,7,100,2,2,5, True, True, 'False', False, 'None'
493,7,100,2,2,5, True, True, 'False', False, 'None'
494,7,100,2,2,5, True, True, 'False', False, 'None'
495,2,100,0,5,50, True, False, 'sparse', False, 'int'
496,2,100,0,5,50, True, False, 'sparse', False, 'int'
497,2,100,0,5,50, True, False, 'sparse', False, 'int'
498,2,100,0,5,50, True, False, 'sparse', False, 'int'
499,2,100,0,5,50, True, False, 'sparse', False, 'int'
500,2,100,0,5,50, True, False, 'sparse', False, 'int'
501,2,100,0,5,50, True, False, 'sparse', False, 'int'
502,2,100,0,5,50, True, False, 'sparse', False, 'int'
503,2,100,0,5,50, True, False, 'sparse', False, 'int'
504,2,100,0,5,50, True, False, 'sparse', False, 'int'
505,2,100,0,5,50, True, False, 'sparse', False, 'int'
506,2,100,0,5,50, True, False, 'sparse', False, 'int'
507,2,100,0,5,50, True, False, 'sparse', False, 'int'
508,2,100,0,5,50, True, False, 'sparse', False, 'int'
509,2,100,0,5,50, True, False, 'sparse', False, 'int'
510,2,100,0,5,50, True, False, 'sparse', False, 'int'
511,2,100,0,5,50, True, False, 'sparse', False, 'int'
512,2,100,0,5,50, True, False, 'sparse', False, 'int'
513,2,100,0,5,50, True, False, 'sparse', False, 'int'
514,6,100,5,1,10, False, True, 'False', True, 'None'
515,6,100,5,1,10, False, True, 'False', True, 'None'
516,6,100,5,1,10, False, True, 'False', True, 'None'
517,6,100,5,1,10, False, True, 'False', True, 'None'
518,6,100,5,1,10, False, True, 'False', True, 'None'
519,6,100,5,1,10, False, True, 'False', True, 'None'
520,6,100,5,1,10, False, True, 'False', True, 'None'
521,6,100,5,1,10, False, True, 'False', True, 'None'
522,6,100,5,1,10, False, True, 'False', True, 'None'
523,6,100,5,1,10, False, True, 'False', True, 'None'
524,6,100,5,1,10, False, True, 'False', True, 'None'
525,6,100,5,1,10, False, True, 'False', True, 'None'
526,6,100,5,1,10, False, True, 'False', True, 'None'
527,6,100,5,1,10, False, True, 'False', True, 'None'
528,6,100,5,1,10, False, True, 'False', True, 'None'
529,6,100,5,1,10, False, True, 'False', True, 'None'
530,6,100,5,1,10, False, True, 'False', True, 'None'
531,6,100,5,1,10, False, True, 'False', True, 'None'
532,6,100,5,1,10, False, True, 'False', True, 'None'
533,3,100,0,0,0, True, True, 'False', False, 'None'
534,3,100,0,0,0, True, True, 'False', False, 'None'
535,3,100,0,0,0, True, True, 'False', False, 'None'
536,3,100,0,0,0, True, True, 'False', False, 'None'
537,3,100,0,0,0, True, True, 'False', False, 'None'
538,3,100,0,0,0, True, True, 'False', False, 'None'
539,3,100,0,0,0, True, True, 'False', False, 'None'
540,3,100,0,0,0, True, True, 'False', False, 'None'
541,3,100,0,0,0, True, True, 'False', False, 'None'
542,3,100,0,0,0, True, True, 'False', False, 'None'
543,3,100,0,0,0, True, True, 'False', False, 'None'
544,3,100,0,0,0, True, True, 'False', False, 'None'
545,3,100,0,0,0, True, True, 'False', False, 'None'
546,3,100,0,0,0, True, True, 'False', False, 'None'
547,3,100,0,0,0, True, True, 'False', False, 'None'
548,3,100,0,0,0, True, True, 'False', False, 'None'
549,3,100,0,0,0, True, True, 'False', False, 'None'
550,3,100,0,0,0, True, True, 'False', False, 'None'
551,3,100,0,0,0, True, True, 'False', False, 'None'
552,3,100,0,0,0, True, True, 'dense', False, 'int'
553,3,100,0,0,0, True, True, 'dense', False, 'int'
554,3,100,0,0,0, True, True, 'dense', False, 'int'
555,3,100,0,0,0, True, True, 'dense', False, 'int'
556,3,100,0,0,0, True, True, 'dense', False, 'int'
557,3,100,0,0,0, True, True, 'dense', False, 'int'
558,3,100,0,0,0, True, True, 'dense', False, 'int'
559,3,100,0,0,0, True, True, 'dense', False, 'int'
560,3,100,0,0,0, True, True, 'dense', False, 'int'
561,3,100,0,0,0, True, True, 'dense', False, 'int'
562,3,100,0,0,0, True, True, 'dense', False, 'int'
563,3,100,0,0,0, True, True, 'dense', False, 'int'
564,3,100,0,0,0, True, True, 'dense', False, 'int'
565,3,100,0,0,0, True, True, 'dense', False, 'int'
566,3,100,0,0,0, True, True, 'dense', False, 'int'
567,3,100,0,0,0, True, True, 'dense', False, 'int'
568,3,100,0,0,0, True, True, 'dense', False, 'int'
569,3,100,0,0,0, True, True, 'dense', False, 'int'
570,3,100,0,0,0, True, True, 'dense', False, 'int'
571,6,100,0,5,50, True, True, 'dense', True, 'int'
572,6,100,0,5,50, True, True, 'dense', True, 'int'
573,6,100,0,5,50, True, True, 'dense', True, 'int'
574,6,100,0,5,50, True, True, 'dense', True, 'int'
575,6,100,0,5,50, True, True, 'dense', True, 'int'
576,6,100,0,5,50, True, True, 'dense', True, 'int'
577,6,100,0,5,50, True, True, 'dense', True, 'int'
578,6,100,0,5,50, True, True, 'dense', True, 'int'
579,6,100,0,5,50, True, True, 'dense', True, 'int'
580,6,100,0,5,50, True, True, 'dense', True, 'int'
581,6,100,0,5,50, True, True, 'dense', True, 'int'
582,6,100,0,5,50, True, True, 'dense', True, 'int'
583,6,100,0,5,50, True, True, 'dense', True, 'int'
584,6,100,0,5,50, True, True, 'dense', True, 'int'
585,6,100,0,5,50, True, True, 'dense', True, 'int'
586,6,100,0,5,50, True, True, 'dense', True, 'int'
587,6,100,0,5,50, True, True, 'dense', True, 'int'
588,6,100,0,5,50, True, True, 'dense', True, 'int'
589,6,100,0,5,50, True, True, 'dense', True, 'int'
590,3,100,10,0,0, False, True, 'dense', True, 'int'
591,3,100,10,0,0, False, True, 'dense', True, 'int'
592,3,100,10,0,0, False, True, 'dense', True, 'int'
593,3,100,10,0,0, False, True, 'dense', True, 'int'
594,3,100,10,0,0, False, True, 'dense', True, 'int'
595,3,100,10,0,0, False, True, 'dense', True, 'int'
596,3,100,10,0,0, False, True, 'dense', True, 'int'
597,3,100,10,0,0, False, True, 'dense', True, 'int'
598,3,100,10,0,0, False, True, 'dense', True, 'int'
599,3,100,10,0,0, False, True, 'dense', True, 'int'
600,3,100,10,0,0, False, True, 'dense', True, 'int'
601,3,100,10,0,0, False, True, 'dense', True, 'int'
602,3,100,10,0,0, False, True, 'dense', True, 'int'
603,3,100,10,0,0, False, True, 'dense', True, 'int'
604,3,100,10,0,0, False, True, 'dense', True, 'int'
605,3,100,10,0,0, False, True, 'dense', True, 'int'
606,3,100,10,0,0, False, True, 'dense', True, 'int'
607,3,100,10,0,0, False, True, 'dense', True, 'int'
608,3,100,10,0,0, False, True, 'dense', True, 'int'
609,7,100,5,11,50, True, True, 'dense', False, 'None'
610,7,100,5,11,50, True, True, 'dense', False, 'None'
611,7,100,5,11,50, True, True, 'dense', False, 'None'
612,7,100,5,11,50, True, True, 'dense', False, 'None'
613,7,100,5,11,50, True, True, 'dense', False, 'None'
614,7,100,5,11,50, True, True, 'dense', False, 'None'
615,7,100,5,11,50, True, True, 'dense', False, 'None'
616,7,100,5,11,50, True, True, 'dense', False, 'None'
617,7,100,5,11,50, True, True, 'dense', False, 'None'
618,7,100,5,11,50, True, True, 'dense', False, 'None'
619,7,100,5,11,50, True, True, 'dense', False, 'None'
620,7,100,5,11,50, True, True, 'dense', False, 'None'
621,7,100,5,11,50, True, True, 'dense', False, 'None'
622,7,100,5,11,50, True, True, 'dense', False, 'None'
623,7,100,5,11,50, True, True, 'dense', False, 'None'
624,7,100,5,11,50, True, True, 'dense', False, 'None'
625,7,100,5,11,50, True, True, 'dense', False, 'None'
626,7,100,5,11,50, True, True, 'dense', False, 'None'
627,7,100,5,11,50, True, True, 'dense', False, 'None'
628,3,100,0,0,0, True, True, 'dense', False, 'int'
629,3,100,0,0,0, True, True, 'dense', False, 'int'
630,3,100,0,0,0, True, True, 'dense', False, 'int'
631,3,100,0,0,0, True, True, 'dense', False, 'int'
632,3,100,0,0,0, True, True, 'dense', False, 'int'
633,3,100,0,0,0, True, True, 'dense', False, 'int'
634,3,100,0,0,0, True, True, 'dense', False, 'int'
635,3,100,0,0,0, True, True, 'dense', False, 'int'
636,3,100,0,0,0, True, True, 'dense', False, 'int'
637,3,100,0,0,0, True, True, 'dense', False, 'int'
638,3,100,0,0,0, True, True, 'dense', False, 'int'
639,3,100,0,0,0, True, True, 'dense', False, 'int'
640,3,100,0,0,0, True, True, 'dense', False, 'int'
641,3,100,0,0,0, True, True, 'dense', False, 'int'
642,3,100,0,0,0, True, True, 'dense', False, 'int'
643,3,100,0,0,0, True, True, 'dense', False, 'int'
644,3,100,0,0,0, True, True, 'dense', False, 'int'
645,3,100,0,0,0, True, True, 'dense', False, 'int'
646,3,100,0,0,0, True, True, 'dense', False, 'int'
647,6,100,5,2,50, True, True, 'dense', True, 'int'
648,6,100,5,2,50, True, True, 'dense', True, 'int'
649,6,100,5,2,50, True, True, 'dense', True, 'int'
650,6,100,5,2,50, True, True, 'dense', True, 'int'
651,6,100,5,2,50, True, True, 'dense', True, 'int'
652,6,100,5,2,50, True, True, 'dense', True, 'int'
653,6,100,5,2,50, True, True, 'dense', True, 'int'
654,6,100,5,2,50, True, True, 'dense', True, 'int'
655,6,100,5,2,50, True, True, 'dense', True, 'int'
656,6,100,5,2,50, True, True, 'dense', True, 'int'
657,6,100,5,2,50, True, True, 'dense', True, 'int'
658,6,100,5,2,50, True, True, 'dense', True, 'int'
659,6,100,5,2,50, True, True, 'dense', True, 'int'
660,6,100,5,2,50, True, True, 'dense', True, 'int'
661,6,100,5,2,50, True, True, 'dense', True, 'int'
662,6,100,5,2,50, True, True, 'dense', True, 'int'
663,6,100,5,2,50, True, True, 'dense', True, 'int'
664,6,100,5,2,50, True, True, 'dense', True, 'int'
665,6,100,5,2,50, True, True, 'dense', True, 'int'
666,7,100,2,2,50, True, True, 'False', False, 'None'
667,7,100,2,2,50, True, True, 'False', False, 'None'
668,7,100,2,2,50, True, True, 'False', False, 'None'
669,7,100,2,2,50, True, True, 'False', False, 'None'
670,7,100,2,2,50, True, True, 'False', False, 'None'
671,7,100,2,2,50, True, True, 'False', False, 'None'
672,7,100,2,2,50, True, True, 'False', False, 'None'
673,7,100,2,2,50, True, True, 'False', False, 'None'
674,7,100,2,2,50, True, True, 'False', False, 'None'
675,7,100,2,2,50, True, True, 'False', False, 'None'
676,7,100,2,2,50, True, True, 'False', False, 'None'
677,7,100,2,2,50, True, True, 'False', False, 'None'
678,7,100,2,2,50, True, True, 'False', False, 'None'
679,7,100,2,2,50, True, True, 'False', False, 'None'
680,7,100,2,2,50, True, True, 'False', False, 'None'
681,7,100,2,2,50, True, True, 'False', False, 'None'
682,7,100,2,2,50, True, True, 'False', False, 'None'
683,7,100,2,2,50, True, True, 'False', False, 'None'
684,7,100,2,2,50, True, True, 'False', False, 'None'
685,3,100,5,0,0, True, True, 'False', True, 'None'
686,3,100,5,0,0, True, True, 'False', True, 'None'
687,3,100,5,0,0, True, True, 'False', True, 'None'
688,3,100,5,0,0, True, True, 'False', True, 'None'
689,3,100,5,0,0, True, True, 'False', True, 'None'
690,3,100,5,0,0, True, True, 'False', True, 'None'
691,3,100,5,0,0, True, True, 'False', True, 'None'
692,3,100,5,0,0, True, True, 'False', True, 'None'
693,3,100,5,0,0, True, True, 'False', True, 'None'
694,3,100,5,0,0, True, True, 'False', True, 'None'
695,3,100,5,0,0, True, True, 'False', True, 'None'
696,3,100,5,0,0, True, True, 'False', True, 'None'
697,3,100,5,0,0, True, True, 'False', True, 'None'
698,3,100,5,0,0, True, True, 'False', True, 'None'
699,3,100,5,0,0, True, True, 'False', True, 'None'
700,3,100,5,0,0, True, True, 'False', True, 'None'
701,3,100,5,0,0, True, True, 'False', True, 'None'
702,3,100,5,0,0, True, True, 'False', True, 'None'
703,3,100,5,0,0, True, True, 'False', True, 'None'